{"cameraMode":{"drawMode":0,"name":"Shaded","section":"Shading Mode"},"sceneLighting":false,"audioPlay":false,"sceneViewState":{"showFog":true,"showMaterialUpdate":false,"showSkybox":true,"showFlares":true,"showImageEffects":true,"showParticleSystems":true},"in2DMode":false,"pivot":{"x":-164.77330017089845,"y":219.12013244628907,"z":23.31300926208496},"rotation":{"x":-0.19755533337593079,"y":0.08565213531255722,"z":-0.01632603444159031,"w":-0.9766689538955689},"size":21.977998733520509,"orthographic":false}